1,Gift 1
2,Gift 2
3,Gift 3
4,Gift 4
5,Gift 5
6,Gift 6
7,Gift 7
8,Gift 8
9,Gift 9
10,Gift 10
11,Gift 11
12,Gift 12
13,Gift 13
14,Gift 14
15,Gift 15
16,Gift 16
17,Gift 17
18,Gift 18
19,Gift 19
20,Gift 20
21,Gift 21
22,Gift 22
23,Gift 23
24,Gift 24
25,Gift 25
26,Gift 26
27,Gift 27
28,Gift 28
29,Gift 29
30,Gift 30
31,Gift 31
32,Gift 32
33,Gift 33
34,Gift 34
35,Gift 35
36,Gift 36
37,Gift 37
38,Gift 38
39,Gift 39
40,Gift 40
41,Gift 41
42,Gift 42
43,Gift 43
44,Gift 44
45,Gift 45
46,Gift 46
47,Gift 47
48,Gift 48
49,Gift 49
50,Gift 50
51,Gift 51
52,Gift 52
53,Gift 53
54,Gift 54
55,Gift 55
56,Gift 56
57,Gift 57
58,Gift 58
59,Gift 59
60,Gift 60
61,Gift 61
62,Gift 62
63,Gift 63
64,Gift 64
65,Gift 65
66,Gift 66
67,Gift 67
68,Gift 68
69,Gift 69
70,Gift 70
71,Gift 71
72,Gift 72
73,Gift 73
74,Gift 74
75,Gift 75
76,Gift 76
77,Gift 77
78,Gift 78
79,Gift 79
80,Gift 80
81,Gift 81
82,Gift 82
83,Gift 83
84,Gift 84
85,Gift 85
86,Gift 86
87,Gift 87
88,Gift 88
89,Gift 89
90,Gift 90
91,Gift 91
92,Gift 92
93,Gift 93
94,Gift 94
95,Gift 95
96,Gift 96
97,Gift 97
98,Gift 98
99,Gift 99
100,Gift 100
101,Gift 101
102,Gift 102
103,Gift 103
104,Gift 104
105,Gift 105
106,Gift 106
107,Gift 107
108,Gift 108
109,Gift 109
110,Gift 110
111,Gift 111
112,Gift 112
113,Gift 113
114,Gift 114
115,Gift 115
116,Gift 116
117,Gift 117
118,Gift 118
119,Gift 119
120,Gift 120
121,Gift 121
122,Gift 122
123,Gift 123
124,Gift 124
125,Gift 125
126,Gift 126
127,Gift 127
128,Gift 128
129,Gift 129
130,Gift 130
131,Gift 131
132,Gift 132
133,Gift 133
134,Gift 134
135,Gift 135
136,Gift 136
137,Gift 137
138,Gift 138
139,Gift 139
140,Gift 140
141,Gift 141
142,Gift 142
143,Gift 143
144,Gift 144
145,Gift 145
146,Gift 146
147,Gift 147
148,Gift 148
149,Gift 149
150,Gift 150
151,Gift 151
152,Gift 152
153,Gift 153
154,Gift 154
155,Gift 155
156,Gift 156
157,Gift 157
158,Gift 158
159,Gift 159
160,Gift 160
161,Gift 161
162,Gift 162
163,Gift 163
164,Gift 164
165,Gift 165
166,Gift 166
167,Gift 167
168,Gift 168
169,Gift 169
170,Gift 170
171,Gift 171
172,Gift 172
173,Gift 173
174,Gift 174
175,Gift 175
176,Gift 176
177,Gift 177
178,Gift 178
179,Gift 179
180,Gift 180
181,Gift 181
182,Gift 182
183,Gift 183
184,Gift 184
185,Gift 185
186,Gift 186
187,Gift 187
188,Gift 188
189,Gift 189
190,Gift 190
191,Gift 191
192,Gift 192
193,Gift 193
194,Gift 194
195,Gift 195
196,Gift 196
197,Gift 197
198,Gift 198
199,Gift 199
200,Gift 200
