1,Parent 1
2,Parent 2
3,Parent 3
4,Parent 4
5,Parent 5
6,Parent 6
7,Parent 7
8,Parent 8
9,Parent 9
10,Parent 11
11,Parent 11
12,Parent 12
13,Parent 11
14,Parent 14
15,Parent 15
16,Parent 16
17,Parent 17
18,Parent 18
19,Parent 19
20,Parent 20
21,Parent 21
22,Parent 22
23,Parent 23
24,Parent 24
25,Parent 25
26,Parent 26
27,Parent 11
28,Parent 28
29,Parent 29
30,Parent 30
31,Parent 31
32,Parent 32
33,Parent 12
34,Parent 34
35,Parent 35
36,Parent 12
37,Parent 37
38,Parent 38
39,Parent 39
40,Parent 40
41,Parent 41
42,Parent 42
43,Parent 43
44,Parent 44
45,Parent 45
46,Parent 46
47,Parent 47
48,Parent 48
49,Parent 49
50,Parent 50
51,Parent 51
52,Parent 52
53,Parent 53
54,Parent 54
55,Parent 55
56,Parent 56
57,Parent 57
58,Parent 57
59,Parent 57
60,Parent 44
61,Parent 44
62,Parent 57
63,Parent 44
64,Parent 64
65,Parent 65
66,Parent 66
67,Parent 67
68,Parent 68
69,Parent 69
70,Parent 70
71,Parent 71
72,Parent 72
73,Parent 73
74,Parent 74
75,Parent 75
76,Parent 76
77,Parent 77
78,Parent 78
79,Parent 79
80,Parent 80
81,Parent 81
82,Parent 82
83,Parent 83
84,Parent 84
85,Parent 85
86,Parent 86
87,Parent 87
88,Parent 88
89,Parent 89
90,Parent 90
91,Parent 91
92,Parent 92
93,Parent 93
94,Parent 94
95,Parent 95
96,Parent 96
97,Parent 97
98,Parent 98
99,Parent 99
100,Parent 100
101,Parent 101
102,Parent 102
103,Parent 103
104,Parent 104
105,Parent 105
106,Parent 106
107,Parent 107
108,Parent 108
109,Parent 109
110,Parent 110
111,Parent 111
112,Parent 112
113,Parent 113
114,Parent 114
115,Parent 115
116,Parent 116
117,Parent 117
118,Parent 118
119,Parent 119
120,Parent 120
121,Parent 121
122,Parent 122
123,Parent 123
124,Parent 124
125,Parent 125
126,Parent 126
127,Parent 127
128,Parent 128
129,Parent 129
130,Parent 130
131,Parent 131
132,Parent 132
133,Parent 133
134,Parent 134
135,Parent 135
136,Parent 136
137,Parent 137
138,Parent 138
139,Parent 139
140,Parent 140
141,Parent 141
142,Parent 142
143,Parent 143
144,Parent 144
145,Parent 145
146,Parent 146
147,Parent 147
148,Parent 148
149,Parent 149
150,Parent 150
151,Parent 151
152,Parent 152
153,Parent 153
154,Parent 154
155,Parent 155
156,Parent 156
157,Parent 157
158,Parent 158
159,Parent 159
160,Parent 160
161,Parent 161
162,Parent 162
163,Parent 163
164,Parent 164
165,Parent 165
166,Parent 166
167,Parent 167
168,Parent 168
169,Parent 169
170,Parent 170
171,Parent 171
172,Parent 172
173,Parent 173
174,Parent 174
175,Parent 175
176,Parent 176
177,Parent 177
178,Parent 178
179,Parent 179
180,Parent 180
181,Parent 181
182,Parent 182
183,Parent 183
184,Parent 184
185,Parent 185
186,Parent 186
187,Parent 187
188,Parent 188
189,Parent 189
190,Parent 190
191,Parent 191
192,Parent 192
193,Parent 193
194,Parent 194
195,Parent 195
196,Parent 196
197,Parent 197
198,Parent 198
199,Parent 199
200,Parent 200
201,Parent 201
202,Parent 202
203,Parent 203
204,Parent 204
205,Parent 205
206,Parent 206
207,Parent 207
208,Parent 208
209,Parent 209
210,Parent 210
211,Parent 211
212,Parent 212
213,Parent 213
214,Parent 214
215,Parent 215
216,Parent 216
217,Parent 217
218,Parent 218
219,Parent 219
220,Parent 220
221,Parent 221
222,Parent 222
223,Parent 223
224,Parent 224
225,Parent 225
226,Parent 226
227,Parent 227
228,Parent 228
229,Parent 229
230,Parent 230
231,Parent 231
232,Parent 232
233,Parent 233
234,Parent 234
235,Parent 235
236,Parent 236
237,Parent 237
238,Parent 238
239,Parent 239
240,Parent 240
241,Parent 241
242,Parent 242
243,Parent 243
244,Parent 244
245,Parent 245
246,Parent 246
247,Parent 247
248,Parent 248
249,Parent 249
250,Parent 250
251,Parent 251
252,Parent 252
253,Parent 253
254,Parent 254
255,Parent 255
256,Parent 256
257,Parent 257
258,Parent 258
259,Parent 259
260,Parent 260
261,Parent 261
262,Parent 262
263,Parent 263
264,Parent 264
265,Parent 265
266,Parent 266
267,Parent 267
268,Parent 268
269,Parent 269
270,Parent 270
271,Parent 271
272,Parent 272
273,Parent 273
274,Parent 274
275,Parent 275
276,Parent 276
277,Parent 277
278,Parent 278
279,Parent 279
280,Parent 280
281,Parent 281
282,Parent 282
283,Parent 283
284,Parent 284
285,Parent 285
286,Parent 286
287,Parent 287
288,Parent 288
289,Parent 289
290,Parent 290
291,Parent 291
292,Parent 292
293,Parent 293
294,Parent 294
295,Parent 295
296,Parent 296
297,Parent 297
298,Parent 298
299,Parent 299
300,Parent 300
301,Parent 301
302,Parent 302
303,Parent 303
304,Parent 304
305,Parent 305
306,Parent 306
307,Parent 307
308,Parent 308
309,Parent 309
310,Parent 310
311,Parent 311
312,Parent 312
313,Parent 313
314,Parent 314
315,Parent 315
316,Parent 316
317,Parent 317
318,Parent 318
319,Parent 319
320,Parent 320
321,Parent 321
322,Parent 322
323,Parent 323
324,Parent 324
325,Parent 325
326,Parent 326
327,Parent 327
328,Parent 328
329,Parent 329
330,Parent 330
331,Parent 331
332,Parent 332
333,Parent 333
334,Parent 334
335,Parent 335
336,Parent 336
337,Parent 337
338,Parent 338
339,Parent 339
340,Parent 340
341,Parent 341
342,Parent 342
343,Parent 343
344,Parent 344
345,Parent 345
346,Parent 346
347,Parent 347
348,Parent 348
349,Parent 349
350,Parent 350
351,Parent 351
352,Parent 352
353,Parent 353
354,Parent 354
355,Parent 355
356,Parent 356
357,Parent 357
358,Parent 358
359,Parent 359
360,Parent 360
361,Parent 361
362,Parent 362
363,Parent 363
364,Parent 364
365,Parent 365
366,Parent 366
367,Parent 367
368,Parent 368
369,Parent 369
370,Parent 370
371,Parent 371
372,Parent 372
373,Parent 373
374,Parent 374
375,Parent 375
376,Parent 376
377,Parent 377
378,Parent 378
379,Parent 379
380,Parent 380
381,Parent 381
382,Parent 382
383,Parent 383
384,Parent 384
385,Parent 385
386,Parent 386
387,Parent 387
388,Parent 388
389,Parent 389
390,Parent 390
391,Parent 391
392,Parent 392
393,Parent 393
394,Parent 394
395,Parent 395
396,Parent 396
397,Parent 397
398,Parent 398
399,Parent 399
400,Parent 400
401,Parent 401
402,Parent 402
403,Parent 403
404,Parent 404
405,Parent 405
406,Parent 406
407,Parent 407
408,Parent 408
409,Parent 409
410,Parent 410
411,Parent 411
412,Parent 412
413,Parent 413
414,Parent 414
415,Parent 415
416,Parent 416
417,Parent 417
418,Parent 418
419,Parent 419
420,Parent 420
421,Parent 421
422,Parent 422
423,Parent 423
424,Parent 424
425,Parent 425
426,Parent 426
427,Parent 427
428,Parent 428
429,Parent 429
430,Parent 430
431,Parent 431
432,Parent 432
433,Parent 433
434,Parent 434
435,Parent 435
436,Parent 436
437,Parent 437
438,Parent 438
439,Parent 439
440,Parent 440
441,Parent 441
442,Parent 442
443,Parent 443
444,Parent 444
445,Parent 445
446,Parent 446
447,Parent 447
448,Parent 448
449,Parent 449
450,Parent 450
451,Parent 451
452,Parent 452
453,Parent 453
454,Parent 454
455,Parent 455
456,Parent 456
457,Parent 457
458,Parent 458
459,Parent 459
460,Parent 460
461,Parent 461
462,Parent 462
463,Parent 463
464,Parent 464
465,Parent 465
466,Parent 466
467,Parent 467
468,Parent 468
469,Parent 469
470,Parent 470
471,Parent 471
472,Parent 472
473,Parent 473
474,Parent 474
475,Parent 475
476,Parent 476
477,Parent 477
478,Parent 478
479,Parent 479
480,Parent 480
481,Parent 481
482,Parent 482
483,Parent 483
484,Parent 484
485,Parent 485
486,Parent 486
487,Parent 487
488,Parent 488
489,Parent 489
490,Parent 490
491,Parent 491
492,Parent 492
493,Parent 493
494,Parent 494
495,Parent 495
496,Parent 496
497,Parent 497
498,Parent 498
499,Parent 499
500,Parent 500
